Item Code,Powder Colour
30161803SD00334,LIGHT CREAM
30161803SD00981,TEX BERRY RED
30161803SD00983,TEX BERRY RED
30161803SD00206,GRAPHITE GREY
30161803SD00858,TEX CARMINE RED
30161803SD00207,PACIFIC BLUE
30161803SD00819,TEX DEEP BLUE
30161803SD00802,WALNUT
30161803SD00992,seapine
30161803SD00171,ROYAL IVORY
30161803SD00028,LIGHT CREAM
30161803SD00397,LIGHT CREAM
30161803SD00980,TEX TEAL
30161803SD00072,LIGHT CREAM
30161803SD00653,ROYAL IVORY
30161803SD00205,PRINCE GREY
30161803SD00029,LIGHT CREAM
30161803SD00024,BURANT ORANGE
30161803SD00391,RED
30161803SD00661,ROYAL IVORY
30161803SD00222,ROYAL IVORY
30161803SD00279,RUSSET
30161803SD00344,TEX SHELL WINE RED
30161803SD00073,TEX SHELL WINE RED
30161803SD01023,TEX EMERALD
30161803SD00801,WALNUT
30161803SD00826,ROYAL IVORY
30161803SD00349,TEX BOND WHITE
30161803SD00337,LIGHT CREAM
30161803SD00332,TEX SHELL WINE RED
30161803SD00110,LIGHT CREAM
30161803SD00835,BOND WHITE
30161803SD00390,LIGHT CREAM
30161803SD00280,ROYAL IVORY
56101597SD00065,TEX TEAL
30161803SD00859,TEX CARMINE RED
30161803SD00062,LIGHT CREAM
30161803SD00728,TEX CARMINE RED
30161803SD00993,seapine
30161803SD01036,LIGHT GREY
30161803SD01011,ROYAL IVORY
30161803SD00664,SHELL WINE RED
56121403SD00230,WALNUT
30161803SD00346,TEX PHIROJA BLUE
30161803SD00208,RUSSET
30161803SD00714,TEX PURPLE
30161803SD00829,TEX DENIM BLUE
30161803SD00253,ROYAL IVORY
30161803SD00782,ROYAL IVORY
30161803SD00458,TEX SHELL WINE RED
30161803SD00815,Tex. Green Leaf
30161803SD00315,TEX PHIROJA BLU
30161803SD00846,BOND WHITE
30161803SD00843,BOND WHITE
30161803SD00092,LIGHT CREAM
30161803SD00339,LIGHT CREAM
30161803SD00281,ROYAL IVORY
30161803SD00852,BOND WHITE
30161803SD00849,BOND WHITE
30161803SD00671,ROYAL IVORY
30161803SD00696,BLUSH RED
30161803SD00209,ROYAL IVORY
30161803SD00335,LIGHT CREAM
30161803SD00796,WALNUT
30161803SD00655,RUSSET
30161803SD00309,TEX BOND WHITE
30161803SD00078,SHELL WINE RED
30161803SD00650,Blue
30161803SD00083,SHELL WINE RED
30161803SD01009,DARK WOOD
30161803SD00800,WALNUT
30161803SD00108,LIGHT CREAM
30161803SD00176,ROYAL IVORY
30161803SD00131,LIGHT CREAM
30161803SD00798,WALNUT
30161803SD00695,BLUSH RED
30161803SD00694,BLUSH RED
30161803SD01010,WALNUT
30161803SD00093,SHELL WINE RED
30161803SD00805,WALNUT
30161803SD00654,PACIFIC BLUE
30161803SD01007,DARK WOOD
30161803SD00170,ROYAL IVORY
30161803SD01008,WALNUT
30161803SD00080,DARK WOOD
30161803SD00033,LIGHT CREAM
30161803SD00113,SHELL WINE RED
30161803SD00860,ROYAL IVORY
30161803SD00840,BOND WHITE
30161803SD00842,BOND WHITE
30161803SD00784,ROYAL IVORY
30161803SD00336,LIGHT CREAM
30161803SD00836,BOND WHITE
30161803SD00077,LIGHT CREAM
30161803SD00098,LIGHT CREAM
30161803SD00330,LIGHT CREAM
30161803SD00995,seapine
30161803SD00219,GRAPHITE GREY
30161803SD00251,SHELL WINE RED
30161803SD01035,TEX BOND WHITE
30161803SD00025,TEX PURPLE
30161803SD00058,SHELL WINE RED
30161803SD00794,WALNUT
30161803SD00839,BOND WHITE
30161803SD00126,LIGHT CREAM
30161803SD00679,TEX PURPLE
30161803SD00834,BOND WHITE
30161803SD00101,DARK WOOD
30161803SD00235,SHELL WINE RED
30161803SD00803,WALNUT
30161803SD00662,PACIFIC BLUE
30161803SD00173,ROYAL IVORY
30161803SD00125,LIGHT CREAM
30161803SD00127,LIGHT CREAM
30161803SD00333,LIGHT CREAM
30161803SD00827,TEX BERRY RED
30161803SD00681,ROYAL IVORY
30161803SD00684,ROYAL IVORY
30161803SD00398,LIGHT CREAM
30161803SD00082,LIGHT CREAM
30161803SD00109,LIGHT CREAM
30161803SD00326,LIGHT CREAM
30161803SD00663,RUSSET
30161803SD00637,PHIROJA BLUE
30161803SD00099,SHELL WINE RED
30161803SD00085,DARK WOOD
30161803SD00063,SHELL WINE RED
30161803SD00848,BOND WHITE
30161803SD00841,BOND WHITE
30161803SD00111,LIGHT CREAM
30161803SD00331,LIGHT CREAM
30161803SD00682,PHIROJA BLUE
30161803SD00844,BOND WHITE
30161803SD00248,GRAPHITE GREY
30161803SD00797,WALNUT
30161803SD00982,TEX TEAL
30161803SD00236,ROYAL IVORY
30161803SD00847,BOND WHITE
30161803SD00177,ROYAL IVORY
30161803SD00838,BOND WHITE
30161803SD00686,DARK WOOD
30161803SD00119,LIGHT CREAM
30161803SD01024,TEX EMERALD
30161803SD00042,SHELL WINE RED
30161803SD00041,LIGHT CREAM
30161803SD00328,LIGHT CREAM
30161803SD00338,TEX BOND WHITE
30161803SD00670,RUSSET
30161803SD00115,LIGHT CREAM
30161803SD00816,ROYAL IVORY
30161803SD00116,LIGHT CREAM
30161803SD00175,ROYAL IVORY
30161803SD00067,LIGHT CREAM
30161803SD00665,TEX PURPLE
30161803SD00305,BOND WHITE
30161803SD00087,LIGHT CREAM
30161803SD00399,LIGHT CREAM
30161803SD00674,ROYAL IVORY
30161803SD00433,LIGHT CREAM
30161803SD00307,TEX SHELL WINE RED
30161803SD01000,TEX BERRY RED
30161803SD00095,DARK WOOD
30161803SD00174,ROYAL IVORY
30161803SD00327,LIGHT CREAM
30161803SD00329,LIGHT CREAM
30161803SD00156,ROYAL IVORY
30161803SD00989,TEX TERACOTTA
30161803SD00394,LIGHT CREAM
30161803SD00121,DARK WOOD
30161803SD00325,TEX BOND WHITE
30161803SD00818,TEX DEEP BLUE
30161803SD00316,LIGHT CREAM
30161803SD00221,RUSSET
30161803SD01028,TEX TEA BOND WHITE
30161803SD00988,TEX TERACOTTA
30161803SD00780,TEX BERRY RED
30161803SD00057,LIGHT CREAM
30161803SD00817,GREEN LEAF
30161803SD00791,WALNUT
30161803SD00658,TEX PURPLE
30161803SD00132,SHELL WINE RED
30161803SD00673,RUSSET
30161803SD00068,SHELL WINE RED
30161803SD00799,WALNUT
30161803SD00123,DARK WOOD
30161803SD00031,LIGHT CREAM
30161803SD00252,ROYAL IVORY
30161803SD00065,DARK WOOD
30161803SD00793,WALNUT
30161803SD00804,WALNUT
30161803SD00678,ROYAL IVORY
30161803SD00769,ROYAL IVORY
30161803SD00232,GRAPHITE GREY
30161803SD00851,BOND WHITE
30161803SD00685,ROYAL IVORY
30161803SD00112,LIGHT CREAM
30161803SD00820,DEEP BLUE
30161803SD01033,SEASAME BEIGE
30161803SD00070,DARK WOOD
30161803SD00178,ROYAL IVORY
30161803SD01027,TEX TEA BOND WHITE
30161803SD00049,LIGHT CREAM
30161803SD00120,LIGHT CREAM
30161803SD00479,DARK WOOD
30161803SD00790,WALNUT
30161803SD00172,ROYAL IVORY
30161803SD00792,WALNUT
30161803SD00027,LIGHT CREAM
30161803SD00032,LIGHT CREAM
30161803SD00850,BOND WHITE
30161803SD00781,RED
30161803SD01037,LIGHT GREY
30161803SD00117,LIGHT CREAM
30161803SD00107,LIGHT CREAM
30161803SD00821,DEEP BLUE
30161803SD00837,BOND WHITE
30161803SD00693,BLUSH RED
30161803SD00677,PHIROJA BLUE
30161803SD00856,ROYAL IVORY
30161803SD00857,ROYAL IVORY
30161803SD00395,LIGHT CREAM
30161803SD00179,PACIFIC BLUE
30161803SD00828,DENIM BLUE
30161803SD00050,SHELL WINE RED
30161803SD00034,SHELL WINE RED
30161803SD00845,BOND WHITE
30161803SD00999,ROYAL IVORY
30161803SD00317,LIGHT CREAM
30161803SD00861,ROYAL IVORY
30161803SD00396,LIGHT CREAM
30161803SD00763,LIGHT CREAM
30161803SD01031,TEX BERRY RED
30161803SD00676,ROYAL IVORY
30161803SD00237,ROYAL IVORY
30161803SD00088,SHELL WINE RED
30161803SD00770,ROYAL IVORY
30161803SD00044,DARK WOOD
30161803SD00060,DARK WOOD
30161803SD00128,LIGHT CREAM
30161803SD00795,WALNUT
30161803SD00118,LIGHT CREAM
30161803SD00762,LIGHT CREAM
30161803SD00106,LIGHT CREAM
30161803SD01030,ROYAL IVORY
30161803SD00814,TEX GREEN LEAF
30161803SD00764,LIGHT CREAM
30161803SD00052,DARK WOOD
30161803SD00075,DARK WOOD
30161803SD00090,DARK WOOD
30161803SD01025,TEX EMERALD
56101531SD00015,DEEP BLUE
30161803SD00997,ROYAL IVORY
30161803SD00998,ROYAL IVORY
30161803SD01032,TEX BERRY RED
56101531SD00014,TEX PURPLE
30161803SD00994,seapine
30161803SD01034,BOND WHITE
30161803SD01001,TEX BERRY RED
30161803SD00129,SHELL WINE RED
30161803SD00991,TEX TERRACOTTA
30161803SD00855,TEX MARIGOLD
30161803SD01003,TEX PHIROJA BLUE
30161803SD00036,DARK WOOD
30161803SD00996,ROYAL IVORY
30161803SD00990,TEX TERRACOTTA
30161803SD01026,TEX EMERALD
30161803SD01029,ROYAL IVORY
30161803SD00030,LIGHT CREAM
30161803SD01004,TEX SHELL WINE RED
30161803SD01002,TEX BERRY RED
30161803SD00308,TEX PHIROJA BLUE
30161803SD00081,RED
30161803SD00102,RED
30161803SD00492,RED
30161803SD00660,TEX CARMINE RED
30161803SD00667,TEX CARMINE RED
30161803SD00752,GOLDEN
30161803SD00775,TEX DEEP PURPLE 3555
30161803SD00746,GOLDEN
30161803SD00727,TEX CARMINE RED
30161803SD00760,GOLDEN
30161803SD00275,DEEP PURPLE
30161803SD00086,RED
30161803SD00076,RED
30161803SD00096,RED
30161803SD00751,GOLDEN
30161803SD00753,GOLDEN
30161803SD00755,GOLDEN
30161803SD00756,GOLDEN
30161803SD00774,ROYAL IVORY
30161803SD00750,GOLDEN
30161803SD00045,RED
30161803SD00122,RED
30161803SD00745,GOLDEN
30161803SD00754,GOLDEN
30161803SD00669,RED
30161803SD00757,GOLDEN
30161803SD00091,RED
30161803SD00749,GOLDEN
30161803SD00071,RED
30161803SD00066,RED
30161803SD00692,TEX ULTRA MARINE BLUE
30161803SD00037,RED
30161803SD00393,RED
30161803SD00400,TEX SHELL WINE RED
30161803SD00124,RED
30161803SD00277,ROYAL IVORY
30161803SD00691,TEX ULTRA MARINE BLUE
30161803SD00747,GOLDEN
30161803SD00053,RED
30161803SD00191,PACIFIC BLUE
30161803SD00748,GOLDEN
30161803SD00061,RED
30161803SD00200,PACIFIC BLUE
30161803SD00672,PACIFIC BLUE
30161803SD00675,PACIFIC BLUE
30161803SD01018,TEX DENIM BLUE
30161803SD01019, Tex BLUSH RED
