Item Code,Product Family
30161803SD00334,X2 Body
30161803SD00981,Aceline
30161803SD00983,Aceline
30161803SD00206,WELDED
30161803SD00858,SL Door
30161803SD00207,WELDED
30161803SD00819,SL Door
30161803SD00802,X2 Precoated
30161803SD00992,SL Door
30161803SD00171,SL Body
30161803SD00028,X2 Body
30161803SD00397,X2 OHU Body
30161803SD00980,Aceline
30161803SD00072,X2 Door
30161803SD00653,SL Door
30161803SD00205,WELDED
30161803SD00029,X2 Body
30161803SD00024,Centurion
30161803SD00391,X2 Door
30161803SD00661,SL Door
30161803SD00222,WELDED
30161803SD00279,SL Blend
30161803SD00344,Slide & Store
30161803SD00073,X2 Door
30161803SD01023,SL Door
30161803SD00801,X2 Precoated
30161803SD00826,SL Blend
30161803SD00349,Slide & Store
30161803SD00337,X2 Body
30161803SD00332,Slide & Store
30161803SD00110,X2 Media
30161803SD00835,Auraline
30161803SD00390,X2 Door
30161803SD00280,SL Blend
56101597SD00065,Modulo 2
30161803SD00859,SL Door
30161803SD00062,X2 Door
30161803SD00728,Platina
30161803SD00993,SL Door
30161803SD01036,WELDED
30161803SD01011,SLIMLINE DUAL PRECOATED
30161803SD00664,SL Door
56121403SD00230,Ninja
30161803SD00346,Slide & Store
30161803SD00208,WELDED
30161803SD00714,Platina
30161803SD00829,WELDED
30161803SD00253,WELDED
30161803SD00782,SL Dual
30161803SD00458,Slide & Store
30161803SD00815,SL Door
30161803SD00315,Slide & Store
30161803SD00846,Auraline
30161803SD00843,Auraline
30161803SD00092,X2 Door
30161803SD00339,X2 Body
30161803SD00281,SL Blend
30161803SD00852,Auraline
30161803SD00849,Auraline
30161803SD00671,SLD-SCREENPRINTING NEW
30161803SD00696,Slide & Store
30161803SD00209,WELDED
30161803SD00335,X2 Body
30161803SD00796,X2 Precoated
30161803SD00655,SL Door
30161803SD00309,Slide & Store
30161803SD00078,X2 Door
30161803SD00650,Centurion
30161803SD00083,X2 Door
30161803SD01009,SL Precoated
30161803SD00800,X2 Precoated
30161803SD00108,X2 Locker/Drawer
30161803SD00176,SL Body
30161803SD00131,X2 Door
30161803SD00798,X2 Precoated
30161803SD00695,Slide & Store
30161803SD00694,Slide & Store
30161803SD01010,SL Precoated
30161803SD00093,X2 Door
30161803SD00805,X2 Precoated
30161803SD00654,SL Door
30161803SD01007,SL Precoated
30161803SD00170,SL Body
30161803SD01008,SL Precoated
30161803SD00080,X2 Precoated
30161803SD00033,X2 Door
30161803SD00113,X2 Door
30161803SD00860,SL OHU
30161803SD00840,Auraline
30161803SD00842,Auraline
30161803SD00784,SL Dual
30161803SD00336,X2 Body
30161803SD00836,Auraline
30161803SD00077,X2 Door
30161803SD00098,X2 Door
30161803SD00330,X2 Stiffner
30161803SD00995,SL OHU
30161803SD00219,WELDED
30161803SD00251,WELDED
30161803SD01035,WELDED
30161803SD00025,Centurion
30161803SD00058,X2 Door
30161803SD00794,X2 Precoated
30161803SD00839,Auraline
30161803SD00126,X2 Study
30161803SD00679,SL OHU
30161803SD00834,Auraline
30161803SD00101,X2 Precoated
30161803SD00235,WELDED
30161803SD00803,X2 Precoated
30161803SD00662,SL Door
30161803SD00173,SL Body
30161803SD00125,X2 Study
30161803SD00127,X2 Study
30161803SD00333,X2 Body
30161803SD00827,SL Dual
30161803SD00681,SL OHU
30161803SD00684,SL OHU
30161803SD00398,X2 OHU Body
30161803SD00082,X2 Door
30161803SD00109,X2 Media
30161803SD00326,X2 Stiffner
30161803SD00663,SL Door
30161803SD00637,Slide & Store
30161803SD00099,X2 Door
30161803SD00085,X2 Precoated
30161803SD00063,X2 Door
30161803SD00848,Auraline
30161803SD00841,Auraline
30161803SD00111,X2 Media
30161803SD00331,X2 Stiffner
30161803SD00682,SL OHU
30161803SD00844,Auraline
30161803SD00248,WELDED
30161803SD00797,X2 Precoated
30161803SD00982,Aceline
30161803SD00236,WELDED
30161803SD00847,Auraline
30161803SD00177,SL Body
30161803SD00838,Auraline
30161803SD00686,X2 Precoated
30161803SD00119,X2 OHU Body
30161803SD01024,SL Door
30161803SD00042,X2 Door
30161803SD00041,X2 Door
30161803SD00328,X2 Stiffner
30161803SD00338,Slide & Store
30161803SD00670,SLD-SCREENPRINTING NEW
30161803SD00115,X2 OHU Body
30161803SD00816,SL OHU
30161803SD00116,X2 OHU Body
30161803SD00175,SL Minor
30161803SD00067,X2 Door
30161803SD00665,SL Door
30161803SD00305,WELDED
30161803SD00087,X2 Door
30161803SD00399,X2 OHU Body
30161803SD00674,SLD-SCREENPRINTING NEW
30161803SD00433,X2 Locker/Drawer
30161803SD00307,Slide & Store
30161803SD01000,Slide & Store
30161803SD00095,X2 Precoated
30161803SD00174,SL Minor
30161803SD00327,X2 Stiffner
30161803SD00329,X2 Stiffner
30161803SD00156,SL Body
30161803SD00989,SL Door
30161803SD00394,X2 OHU Body
30161803SD00121,X2 Precoated
30161803SD00325,Slide & Store
30161803SD00818,SL Door
30161803SD00316,X2 Locker/Drawer
30161803SD00221,WELDED
30161803SD01028,SL Door
30161803SD00988,SL Door
30161803SD00780,WELDED
30161803SD00057,X2 Door
30161803SD00817,SL OHU
30161803SD00791,X2 Precoated
30161803SD00658,SL Door
30161803SD00132,X2 Door
30161803SD00673,SLD-SCREENPRINTING NEW
30161803SD00068,X2 Door
30161803SD00799,X2 Precoated
30161803SD00123,X2 Precoated
30161803SD00031,X2 Dresser
30161803SD00252,WELDED
30161803SD00065,X2 Precoated
30161803SD00793,X2 Precoated
30161803SD00804,X2 Precoated
30161803SD00678,SL OHU
30161803SD00769,WELDED
30161803SD00232,WELDED
30161803SD00851,Auraline
30161803SD00685,SL OHU
30161803SD00112,X2 Door
30161803SD00820,SL OHU
30161803SD01033,Centurion
30161803SD00070,X2 Precoated
30161803SD00178,SL Minor
30161803SD01027,SL Door
30161803SD00049,X2 Door
30161803SD00120,X2 OHU Body
30161803SD00479,X2 Precoated
30161803SD00790,X2 Precoated
30161803SD00172,SL Body
30161803SD00792,X2 Precoated
30161803SD00027,X2 Body
30161803SD00032,X2 Dresser
30161803SD00850,Auraline
30161803SD00781,WELDED
30161803SD01037,WELDED
30161803SD00117,X2 OHU Body
30161803SD00107,X2 Locker/Drawer
30161803SD00821,SL OHU
30161803SD00837,Auraline
30161803SD00693,Slide & Store
30161803SD00677,SL OHU
30161803SD00856,SL OHU
30161803SD00857,SL OHU
30161803SD00395,X2 OHU Body
30161803SD00179,SL Minor
30161803SD00828,WELDED
30161803SD00050,X2 Door
30161803SD00034,X2 Door
30161803SD00845,Auraline
30161803SD00999,SL OHU
30161803SD00317,X2 Locker/Drawer
30161803SD00861,SL OHU
30161803SD00396,X2 OHU Body
30161803SD00763,X2 Dresser
30161803SD01031,SL Blend
30161803SD00676,SL OHU
30161803SD00237,WELDED
30161803SD00088,X2 Door
30161803SD00770,WELDED
30161803SD00044,X2 Precoated
30161803SD00060,X2 Precoated
30161803SD00128,X2 Door
30161803SD00795,X2 Precoated
30161803SD00118,X2 OHU Body
30161803SD00762,X2 Dresser
30161803SD00106,X2 Locker/Drawer
30161803SD01030,SL OHU
30161803SD00814,SL Door
30161803SD00764,X2 Dresser
30161803SD00052,X2 Precoated
30161803SD00075,X2 Precoated
30161803SD00090,X2 Precoated
30161803SD01025,SL OHU
56101531SD00015,Shoe Cabinet
30161803SD00997,SL OHU
30161803SD00998,SL Dual
30161803SD01032,SL OHU
56101531SD00014,Shoe Cabinet
30161803SD00994,SL OHU
30161803SD01034,WELDED
30161803SD01001,Slide & Store
30161803SD00129,X2 Door
30161803SD00991,SL OHU
30161803SD00855,SL Door
30161803SD01003,Slide & Store
30161803SD00036,X2 Precoated
30161803SD00996,SL Blend
30161803SD00990,SL OHU
30161803SD01026,SL OHU
30161803SD01029,SL OHU
30161803SD00030,X2 Dresser
30161803SD01004,Centurion
30161803SD01002,Slide & Store
30161803SD00308,Slide & Store
30161803SD00081,X2 Precoated
30161803SD00102,X2 Precoated
30161803SD00492,0.0
30161803SD00660,SL Door
30161803SD00667,SL Door
30161803SD00752,X2-SCREENPRINTING
30161803SD00775,Slide & Store
30161803SD00746,X2-SCREENPRINTING
30161803SD00727,SL OHU
30161803SD00760,X2-SCREENPRINTING
30161803SD00275,SLBLENDOHU
30161803SD00086,X2 Precoated
30161803SD00076,X2 Precoated
30161803SD00096,X2 Precoated
30161803SD00751,X2-SCREENPRINTING
30161803SD00753,X2-SCREENPRINTING
30161803SD00755,X2-SCREENPRINTING
30161803SD00756,X2-SCREENPRINTING
30161803SD00774,SL OHU
30161803SD00750,X2-SCREENPRINTING
30161803SD00045,X2 Precoated
30161803SD00122,X2 Precoated
30161803SD00745,X2-SCREENPRINTING
30161803SD00754,X2-SCREENPRINTING
30161803SD00669,SL Precoated
30161803SD00757,X2-SCREENPRINTING
30161803SD00091,X2 Precoated
30161803SD00749,X2-SCREENPRINTING
30161803SD00071,X2 Precoated
30161803SD00066,X2 Precoated
30161803SD00692,SL OHU
30161803SD00037,X2 Precoated
30161803SD00393,X2 Precoated
30161803SD00400,X2 Precoated
30161803SD00124,X2 Precoated
30161803SD00277,SL OHU
30161803SD00691,SL OHU
30161803SD00747,X2-SCREENPRINTING
30161803SD00053,X2 Precoated
30161803SD00191,SLD-SCREENPRINTING OLD
30161803SD00748,X2-SCREENPRINTING
30161803SD00061,X2 Precoated
30161803SD00200,SLD-SCREENPRINTING OLD
30161803SD00672,SLD-SCREENPRINTING NEW
30161803SD00675,SLD-SCREENPRINTING NEW
